{
    "mse": [
        0.003979611306457328,
        0.027993567203641618,
        0.07321394499413961
    ],
    "mae": [
        0.0009812740207703,
        0.0052062038324202035,
        0.01057595333496879
    ],
    "rmse": [
        0.06308416050370591,
        0.16731278254706547,
        0.270580755032836
    ],
    "r2": [
        0.9577235900953187,
        0.5976116720540514,
        -0.30253737429964067
    ],
    "accuracy": [
        0.9994821053779268,
        0.9985826041922207,
        0.9980919671818356
    ],
    "precision": [
        0.9997737633115813,
        0.998760871051257,
        0.9985614462744207
    ],
    "recall": [
        0.9994821053779268,
        0.9985826041922207,
        0.9980919671818356
    ],
    "f1": [
        0.9995797391943959,
        0.9986550938028004,
        0.9983254609915075
    ],
    "confusion_matrices": [
        [
            [
                36620,
                0,
                1,
                0,
                0,
                0,
                0,
                0,
                0,
                0,
                0
            ],
            [
                1,
                10,
                0,
                0,
                0,
                0,
                0,
                0,
                0,
                0,
                0
            ],
            [
                0,
                0,
                9,
                0,
                0,
                0,
                0,
                0,
                0,
                0,
                0
            ],
            [
                0,
                1,
                0,
                4,
                0,
                0,
                0,
                0,
                0,
                0,
                0
            ],
            [
                0,
                0,
                0,
                0,
                0,
                0,
                0,
                0,
                0,
                0,
                0
            ],
            [
                0,
                0,
                0,
                0,
                3,
                1,
                0,
                0,
                0,
                0,
                0
            ],
            [
                0,
                0,
                0,
                0,
                1,
                0,
                2,
                1,
                0,
                0,
                0
            ],
            [
                0,
                0,
                0,
                0,
                0,
                0,
                1,
                0,
                0,
                0,
                0
            ],
            [
                0,
                0,
                0,
                0,
                0,
                0,
                1,
                0,
                2,
                0,
                0
            ],
            [
                0,
                0,
                0,
                0,
                0,
                0,
                1,
                0,
                0,
                0,
                0
            ],
            [
                1,
                0,
                0,
                0,
                0,
                0,
                0,
                1,
                0,
                6,
                20
            ]
        ],
        [
            [
                36618,
                0,
                1,
                4,
                0,
                2,
                1,
                1,
                1,
                1,
                3
            ],
            [
                2,
                0,
                2,
                1,
                3,
                1,
                0,
                0,
                0,
                0,
                0
            ],
            [
                2,
                0,
                1,
                0,
                1,
                1,
                2,
                0,
                0,
                0,
                0
            ],
            [
                1,
                0,
                0,
                0,
                1,
                2,
                0,
                1,
                1,
                0,
                0
            ],
            [
                1,
                0,
                0,
                0,
                0,
                0,
                0,
                0,
                1,
                0,
                0
            ],
            [
                0,
                0,
                1,
                0,
                0,
                0,
                1,
                0,
                1,
                1,
                0
            ],
            [
                0,
                0,
                0,
                0,
                0,
                0,
                0,
                0,
                0,
                3,
                0
            ],
            [
                0,
                0,
                0,
                0,
                0,
                0,
                0,
                0,
                0,
                1,
                1
            ],
            [
                0,
                0,
                0,
                0,
                0,
                0,
                0,
                0,
                0,
                1,
                0
            ],
            [
                0,
                0,
                0,
                0,
                0,
                0,
                0,
                0,
                0,
                2,
                0
            ],
            [
                1,
                0,
                0,
                0,
                0,
                1,
                0,
                1,
                0,
                2,
                14
            ]
        ],
        [
            [
                36609,
                0,
                0,
                0,
                3,
                3,
                4,
                2,
                11,
                6,
                3
            ],
            [
                3,
                0,
                0,
                0,
                0,
                0,
                1,
                2,
                1,
                0,
                0
            ],
            [
                2,
                0,
                0,
                0,
                0,
                0,
                0,
                1,
                2,
                0,
                0
            ],
            [
                3,
                0,
                0,
                0,
                0,
                0,
                0,
                0,
                0,
                2,
                0
            ],
            [
                2,
                0,
                0,
                0,
                0,
                0,
                0,
                0,
                0,
                2,
                0
            ],
            [
                2,
                0,
                0,
                0,
                0,
                0,
                0,
                1,
                1,
                0,
                0
            ],
            [
                0,
                0,
                0,
                0,
                0,
                0,
                0,
                0,
                0,
                0,
                1
            ],
            [
                2,
                0,
                0,
                0,
                0,
                1,
                0,
                0,
