{
    "mse": [
        0.009921770654455257,
        0.026739717065990678,
        0.06830757489028812
    ],
    "mae": [
        0.0030528525090631558,
        0.005969416959685992,
        0.010466922888216535
    ],
    "rmse": [
        0.09960808528656324,
        0.16352283346979612,
        0.2613571787617247
    ],
    "r2": [
        0.8945985396896988,
        0.6156349077750968,
        -0.21524894266377492
    ],
    "accuracy": [
        0.9985553465805326,
        0.9981192247935236,
        0.997846648676643
    ],
    "precision": [
        0.9991168215659401,
        0.9989959443180032,
        0.9983112483350585
    ],
    "recall": [
        0.9985553465805326,
        0.9981192247935236,
        0.997846648676643
    ],
    "f1": [
        0.9986685542430207,
        0.9982995956652405,
        0.9980672679104102
    ],
    "confusion_matrices": [
        [
            [
                36613,
                5,
                1,
                1,
                1,
                0,
                0,
                0,
                0,
                0,
                0
            ],
            [
                3,
                7,
                0,
                1,
                0,
                0,
                0,
                0,
                0,
                0,
                0
            ],
            [
                1,
                2,
                3,
                2,
                0,
                1,
                0,
                0,
                0,
                0,
                0
            ],
            [
                1,
                1,
                2,
                0,
                0,
                1,
                0,
                0,
                0,
                0,
                0
            ],
            [
                0,
                0,
                0,
                0,
                0,
                0,
                0,
                0,
                0,
                0,
                0
            ],
            [
                0,
                0,
                1,
                0,
                0,
                1,
                1,
                1,
                0,
                0,
                0
            ],
            [
                0,
                0,
                0,
                0,
                0,
                1,
                1,
                2,
                0,
                0,
                0
            ],
            [
                0,
                0,
                0,
                0,
                0,
                0,
                0,
                1,
                0,
                0,
                0
            ],
            [
                0,
                0,
                0,
                0,
                0,
                2,
                1,
                0,
                0,
                0,
                0
            ],
            [
                0,
                0,
                0,
                0,
                0,
                0,
                0,
                0,
                1,
                0,
                0
            ],
            [
                0,
                0,
                1,
                2,
                0,
                0,
                0,
                7,
                4,
                6,
                8
            ]
        ],
        [
            [
                36613,
                1,
                5,
                0,
                3,
                4,
                1,
                1,
                2,
                2,
                0
            ],
            [
                4,
                1,
                1,
                0,
                0,
                2,
                1,
                0,
                0,
                0,
                0
            ],
            [
                3,
                0,
                0,
                0,
                0,
                1,
                1,
                1,
                1,
                0,
                0
            ],
            [
                1,
                1,
                0,
                1,
                0,
                0,
                1,
                1,
                1,
                0,
                0
            ],
            [
                1,
                0,
                0,
                0,
                0,
                0,
                1,
                0,
                0,
                0,
                0
            ],
            [
                1,
                0,
                0,
                0,
                0,
                0,
                0,
                0,
                3,
                0,
                0
            ],
            [
                0,
                0,
                0,
                0,
                0,
                0,
                0,
                0,
                3,
                0,
                0
            ],
            [
                0,
                0,
                0,
                0,
                0,
                0,
                0,
                0,
                1,
                1,
                0
            ],
            [
                0,
                0,
                0,
                0,
                0,
                0,
                1,
                0,
                0,
                0,
                0
            ],
            [
                0,
                0,
                0,
                0,
                0,
                0,
                0,
                1,
                0,
                1,
                0
            ],
            [
                0,
                0,
                0,
                0,
                0,
                3,
                0,
                2,
                4,
                8,
                2
            ]
        ],
        [
            [
                36607,
                0,
                2,
                0,
                1,
                4,
                4,
                3,
                15,
                5,
                0
            ],
            [
                4,
                0,
                1,
                0,
                0,
                0,
                0,
                0,
                2,
                0,
                0
            ],
            [
                2,
                0,
                0,
                0,
                0,
                0,
                0,
                0,
                3,
                0,
                0
            ],
            [
                3,
                0,
                0,
                0,
                0,
                0,
                0,
                0,
                2,
                0,
                0
            ],
            [
                1,
                0,
                0,
                0,
                0,
                0,
                1,
                0,
                1,
                1,
                0
            ],
            [
                2,
                0,
                0,
                0,
                0,
                0,
                1,
                0,
                1,
                0,
                0
            ],
            [
                0,
                0,
                0,
                0,
                0,
                0,
                0,
                0,
                0,
                1,
                0
            ],
            [
                3,
                0,
                0,
                0,
                0,
                0,
                0,
                0,
