{
    "mse": [
        0.009921770654455257
    ],
    "mae": [
        0.0030528525090631558
    ],
    "rmse": [
        0.09960808528656324
    ],
    "r2": [
        0.8945985396896988
    ],
    "accuracy": [
        0.9985553465805326
    ],
    "precision": [
        0.9991168215659401
    ],
    "recall": [
        0.9985553465805326
    ],
    "f1": [
        0.9986685542430207
    ],
    "confusion_matrices": [
        [
            [
                36613,
                5,
                1,
                1,
                1,
                0,
                0,
                0,
                0,
                0,
                0
            ],
            [
                3,
                7,
                0,
                1,
                0,
                0,
                0,
                0,
                0,
                0,
                0
            ],
            [
                1,
                2,
                3,
                2,
                0,
                1,
                0,
                0,
                0,
                0,
                0
            ],
            [
                1,
                1,
                2,
                0,
                0,
                1,
                0,
                0,
                0,
                0,
                0
            ],
            [
                0,
                0,
                0,
                0,
                0,
                0,
                0,
                0,
                0,
                0,
                0
            ],
            [
                0,
                0,
                1,
                0,
                0,
                1,
                1,
                1,
                0,
                0,
                0
            ],
            [
                0,
                0,
                0,
                0,
                0,
                1,
                1,
                2,
                0,
                0,
                0
            ],
            [
                0,
                0,
                0,
                0,
                0,
                0,
                0,
                1,
                0,
                0,
                0
            ],
            [
                0,
                0,
                0,
                0,
                0,
                2,
                1,
                0,
                0,
                0,
                0
            ],
            [
                0,
                0,
                0,
                0,
                0,
                0,
                0,
                0,
                1,
                0,
                0
            ],
            [
                0,
                0,
                1,
                2,
                0,
                0,
                0,
                7,
                4,
                6,
                8
            ]
        ]
    ]
}