{
    "mse": [
        0.009921770654455257,
        0.010276119606400087,
        0.0075776160492817615
    ],
    "mae": [
        0.0030528525090631558,
        0.002698503557118325,
        0.0021260937116689836
    ],
    "rmse": [
        0.09960808528656324,
        0.10137119712423291,
        0.08704950344075353
    ],
    "r2": [
        0.8945985396896988,
        0.852287828981867,
        0.8651878666957185
    ],
    "accuracy": [
        0.9985553465805326,
        0.9988551803091014,
        0.9990187259792297
    ],
    "precision": [
        0.9991168215659401,
        0.999284444427138,
        0.9993060923895729
    ],
    "recall": [
        0.9985553465805326,
        0.9988551803091014,
        0.9990187259792297
    ],
    "f1": [
        0.9986685542430207,
        0.9989235200616202,
        0.9990774624874653
    ],
    "confusion_matrices": [
        [
            [
                36613,
                5,
                1,
                1,
                1,
                0,
                0,
                0,
                0,
                0,
                0
            ],
            [
                3,
                7,
                0,
                1,
                0,
                0,
                0,
                0,
                0,
                0,
                0
            ],
            [
                1,
                2,
                3,
                2,
                0,
                1,
                0,
                0,
                0,
                0,
                0
            ],
            [
                1,
                1,
                2,
                0,
                0,
                1,
                0,
                0,
                0,
                0,
                0
            ],
            [
                0,
                0,
                0,
                0,
                0,
                0,
                0,
                0,
                0,
                0,
                0
            ],
            [
                0,
                0,
                1,
                0,
                0,
                1,
                1,
                1,
                0,
                0,
                0
            ],
            [
                0,
                0,
                0,
                0,
                0,
                1,
                1,
                2,
                0,
                0,
                0
            ],
            [
                0,
                0,
                0,
                0,
                0,
                0,
                0,
                1,
                0,
                0,
                0
            ],
            [
                0,
                0,
                0,
                0,
                0,
                2,
                1,
                0,
                0,
                0,
                0
            ],
            [
                0,
                0,
                0,
                0,
                0,
                0,
                0,
                0,
                1,
                0,
                0
            ],
            [
                0,
                0,
                1,
                2,
                0,
                0,
                0,
                7,
                4,
                6,
                8
            ]
        ],
        [
            [
                36627,
                1,
                2,
                1,
                1,
                0,
                0,
                0,
                0,
                0,
                0
            ],
            [
                2,
                4,
                2,
                1,
                0,
                0,
                0,
                0,
                0,
                0,
                0
            ],
            [
                2,
                0,
                2,
                0,
                3,
                0,
                0,
                0,
                0,
                0,
                0
            ],
            [
                0,
                1,
                1,
                2,
                1,
                1,
                0,
                0,
                0,
                0,
                0
            ],
            [
                0,
                0,
                1,
                1,
                0,
                0,
                0,
                0,
                0,
                0,
                0
            ],
            [
                0,
                0,
                0,
                0,
                0,
                3,
                0,
                1,
                0,
                0,
                0
            ],
            [
                0,
                0,
                0,
                0,
                0,
                1,
                2,
                0,
                0,
                0,
                0
            ],
            [
                0,
                0,
                0,
                0,
                0,
                0,
                0,
                1,
                0,
                1,
                0
            ],
            [
                0,
                0,
                1,
                0,
                0,
                0,
                0,
                0,
                0,
                0,
                0
            ],
            [
                0,
                0,
                0,
                0,
                0,
                0,
                0,
                2,
                0,
                0,
                0
            ],
            [
                1,
                1,
                0,
                0,
                0,
                0,
                0,
                4,
                7,
                2,
                4
            ]
        ],
        [
            [
                36635,
                4,
                0,
                1,
                0,
                0,
                0,
                0,
                1,
                0,
                0
            ],
            [
                3,
                2,
                1,
                1,
                0,
                0,
                0,
                0,
                0,
                0,
                0
            ],
            [
                0,
                1,
                3,
                0,
                1,
                0,
                0,
                0,
                0,
                0,
                0
            ],
            [
                0,
                0,
                1,
                1,
                1,
                2,
                0,
                0,
                0,
                0,
                0
            ],
            [
                0,
                0,
                0,
                0,
                3,
                0,
                0,
                1,
                0,
                0,
                0
            ],
            [
                0,
                0,
                0,
                1,
                0,
                0,
                2,
                1,
                0,
                0,
                0
            ],
            [
                0,
                0,
                0,
                0,
                0,
                0,
                1,
                0,
                0,
                0,
                0
            ],
            [
                0,
                0,
                0,
                0,
                0,
                1,
                1,
                0,
